<?xml version="1.0" encoding="UTF-8"?>
<beans xmlns="http://www.springframework.org/schema/beans"
	xmlns:xsi="http://www.w3.org/2001/XMLSchema-instance"
	xmlns:context="http://www.springframework.org/schema/context"
	xmlns:mongo="http://www.springframework.org/schema/data/mongo"
	xmlns:gate="http://gate.ac.uk/ns/spring"
	xsi:schemaLocation="http://www.springframework.org/schema/beans http://www.springframework.org/schema/beans/spring-beans-4.2.xsd
		http://www.springframework.org/schema/context http://www.springframework.org/schema/context/spring-context-4.2.xsd
		http://www.springframework.org/schema/data/mongo
		http://www.springframework.org/schema/data/mongo/spring-mongo-1.4.xsd
		http://www.springframework.org/schema/data/repository
		http://www.springframework.org/schema/data/repository/spring-repository-1.5.xsd
		http://gate.ac.uk/ns/spring http://gate.ac.uk/ns/spring.xsd">
	
	<context:annotation-config />
	

	
	<gate:init gate-home="C:/DB/DB_GATE_APP" user-config-file="C:/DB/DB_GATE_APP/gate.xml" plugins-home="C:/DB/DB_GATE_APP/plugins" />
	
	<gate:duplicate id="dbAlg" return-template="true">
		
		<gate:saved-application location="C:/DB/DB_GATE_APP/application.xgapp" />
	</gate:duplicate>
	
	<bean id="processor" class="gate.util.LanguageAnalyserDocumentProcessor" destroy-method="cleanup">
		<property name="analyser" ref="dbAlg" />
		<gate:pooled-proxy max-size="2" />
	</bean>
	
	 
	<context:component-scan base-package="com">
		<context:exclude-filter type="annotation"
			expression="org.springframework.context.annotation.Configuration" />
	</context:component-scan>
	

	

</beans>
	


